{"timemory":{"wall_clock":{"properties":{"cereal_class_version":0,"value":78,"enum":"WALL_CLOCK","id":"wall_clock","ids":["real_clock","virtual_clock","wall_clock"]},"type":"wall_clock","description":"Real-clock timer (i.e. wall-clock timer)","unit_value":1000000000,"unit_repr":"sec","thread_scope_only":false,"thread_count":2,"mpi_size":1,"upcxx_size":1,"process_count":1,"num_ranks":1,"concurrency":2,"ranks":[{"rank":0,"graph_size":3,"graph":[{"hash":5823919491437317583,"prefix":"|0>>> main","depth":0,"entry":{"cereal_class_version":0,"laps":1,"value":25889094029,"accum":25889094029,"repr_data":25.889094029,"repr_display":25.889094029},"stats":{"cereal_class_version":0,"sum":25.889094029,"count":1,"min":25.889094029,"max":25.889094029,"sqr":670.2451896424034,"mean":25.889094029,"stddev":0.0},"rolling_hash":5823919491437317583},{"hash":6619084377120830202,"prefix":"|0>>> |_pthread_create","depth":1,"entry":{"laps":1,"value":21184719,"accum":21184719,"repr_data":0.021184719,"repr_display":0.021184719},"stats":{"sum":0.021184719,"count":1,"min":0.021184719,"max":0.021184719,"sqr":0.0004487923191089,"mean":0.021184719,"stddev":0.0},"rolling_hash":12443003868558147785},{"hash":18410668366583778696,"prefix":"|1>>>   |_start_thread","depth":2,"entry":{"laps":1,"value":25908950912,"accum":25908950912,"repr_data":25.908950912,"repr_display":25.908950912},"stats":{"sum":25.908950912,"count":1,"min":25.908950912,"max":25.908950912,"sqr":671.2737373604257,"mean":25.908950912,"stddev":0.0},"rolling_hash":12406928161432374865}]}],"graph":[[{"cereal_class_version":0,"node":{"hash":0,"prefix":"unknown-hash=0","tid":[0],"pid":[2579155],"depth":0,"is_dummy":false,"inclusive":{"entry":{"laps":0,"value":0,"accum":0,"repr_data":0.0,"repr_display":0.0},"stats":{"sum":0.0,"count":0,"min":0.0,"max":0.0,"sqr":0.0,"mean":0.0,"stddev":0.0}},"exclusive":{"entry":{"laps":0,"value":-25889094029,"accum":-25889094029,"repr_data":-25.889094029,"repr_display":-25.889094029},"stats":{"sum":0.0,"count":0,"min":0.0,"max":0.0,"sqr":0.0,"mean":0.0,"stddev":0.0}}},"children":[{"node":{"hash":5823919491437317583,"prefix":"main","tid":[0],"pid":[2579155],"depth":1,"is_dummy":false,"inclusive":{"entry":{"laps":1,"value":25889094029,"accum":25889094029,"repr_data":25.889094029,"repr_display":25.889094029},"stats":{"sum":25.889094029,"count":1,"min":25.889094029,"max":25.889094029,"sqr":670.2451896424034,"mean":25.889094029,"stddev":0.0}},"exclusive":{"entry":{"laps":1,"value":25867909310,"accum":25867909310,"repr_data":25.86790931,"repr_display":25.86790931},"stats":{"sum":25.867909309999999,"count":1,"min":0.021184719,"max":25.889094029,"sqr":670.2447408500842,"mean":25.867909309999999,"stddev":0.0}}},"children":[{"node":{"hash":6619084377120830202,"prefix":"pthread_create","tid":[0],"pid":[2579155],"depth":2,"is_dummy":false,"inclusive":{"entry":{"laps":1,"value":21184719,"accum":21184719,"repr_data":0.021184719,"repr_display":0.021184719},"stats":{"sum":0.021184719,"count":1,"min":0.021184719,"max":0.021184719,"sqr":0.0004487923191089,"mean":0.021184719,"stddev":0.0}},"exclusive":{"entry":{"laps":1,"value":-25887766193,"accum":-25887766193,"repr_data":-25.887766193,"repr_display":-25.887766193},"stats":{"sum":-25.887766193,"count":1,"min":0.021184719,"max":25.908950912,"sqr":-671.2732885681065,"mean":-25.887766193,"stddev":0.0}}},"children":[{"node":{"hash":18410668366583778696,"prefix":"start_thread","tid":[1],"pid":[2579155],"depth":3,"is_dummy":false,"inclusive":{"entry":{"laps":1,"value":25908950912,"accum":25908950912,"repr_data":25.908950912,"repr_display":25.908950912},"stats":{"sum":25.908950912,"count":1,"min":25.908950912,"max":25.908950912,"sqr":671.2737373604257,"mean":25.908950912,"stddev":0.0}},"exclusive":{"entry":{"laps":1,"value":25908950912,"accum":25908950912,"repr_data":25.908950912,"repr_display":25.908950912},"stats":{"sum":25.908950912,"count":1,"min":25.908950912,"max":25.908950912,"sqr":671.2737373604257,"mean":25.908950912,"stddev":0.0}}},"children":[]}]}]}]}]]}}}
