{"timemory":{"wall_clock":{"properties":{"cereal_class_version":0,"value":78,"enum":"WALL_CLOCK","id":"wall_clock","ids":["real_clock","virtual_clock","wall_clock"]},"type":"wall_clock","description":"Real-clock timer (i.e. wall-clock timer)","unit_value":1000000000,"unit_repr":"sec","thread_scope_only":false,"thread_count":2,"mpi_size":1,"upcxx_size":1,"process_count":1,"num_ranks":1,"concurrency":2,"ranks":[{"rank":0,"graph_size":3,"graph":[{"hash":5823919491437317583,"prefix":"|0>>> main","depth":0,"entry":{"cereal_class_version":0,"laps":1,"value":20816346697,"accum":20816346697,"repr_data":20.816346697,"repr_display":20.816346697},"stats":{"cereal_class_version":0,"sum":20.816346697,"count":1,"min":20.816346697,"max":20.816346697,"sqr":433.32028980970287,"mean":20.816346697,"stddev":0.0},"rolling_hash":5823919491437317583},{"hash":6619084377120830202,"prefix":"|0>>> |_pthread_create","depth":1,"entry":{"laps":1,"value":19433220,"accum":19433220,"repr_data":0.01943322,"repr_display":0.01943322},"stats":{"sum":0.01943322,"count":1,"min":0.01943322,"max":0.01943322,"sqr":0.0003776500395684,"mean":0.01943322,"stddev":0.0},"rolling_hash":12443003868558147785},{"hash":18410668366583778696,"prefix":"|1>>>   |_start_thread","depth":2,"entry":{"laps":1,"value":20895292890,"accum":20895292890,"repr_data":20.89529289,"repr_display":20.89529289},"stats":{"sum":20.89529289,"count":1,"min":20.89529289,"max":20.89529289,"sqr":436.61326495888457,"mean":20.89529289,"stddev":0.0},"rolling_hash":12406928161432374865}]}],"graph":[[{"cereal_class_version":0,"node":{"hash":0,"prefix":"unknown-hash=0","tid":[0],"pid":[2592064],"depth":0,"is_dummy":false,"inclusive":{"entry":{"laps":0,"value":0,"accum":0,"repr_data":0.0,"repr_display":0.0},"stats":{"sum":0.0,"count":0,"min":0.0,"max":0.0,"sqr":0.0,"mean":0.0,"stddev":0.0}},"exclusive":{"entry":{"laps":0,"value":-20816346697,"accum":-20816346697,"repr_data":-20.816346697,"repr_display":-20.816346697},"stats":{"sum":0.0,"count":0,"min":0.0,"max":0.0,"sqr":0.0,"mean":0.0,"stddev":0.0}}},"children":[{"node":{"hash":5823919491437317583,"prefix":"main","tid":[0],"pid":[2592064],"depth":1,"is_dummy":false,"inclusive":{"entry":{"laps":1,"value":20816346697,"accum":20816346697,"repr_data":20.816346697,"repr_display":20.816346697},"stats":{"sum":20.816346697,"count":1,"min":20.816346697,"max":20.816346697,"sqr":433.32028980970287,"mean":20.816346697,"stddev":0.0}},"exclusive":{"entry":{"laps":1,"value":20796913477,"accum":20796913477,"repr_data":20.796913477,"repr_display":20.796913477},"stats":{"sum":20.796913477,"count":1,"min":0.01943322,"max":20.816346697,"sqr":433.31991215966328,"mean":20.796913477,"stddev":0.0}}},"children":[{"node":{"hash":6619084377120830202,"prefix":"pthread_create","tid":[0],"pid":[2592064],"depth":2,"is_dummy":false,"inclusive":{"entry":{"laps":1,"value":19433220,"accum":19433220,"repr_data":0.01943322,"repr_display":0.01943322},"stats":{"sum":0.01943322,"count":1,"min":0.01943322,"max":0.01943322,"sqr":0.0003776500395684,"mean":0.01943322,"stddev":0.0}},"exclusive":{"entry":{"laps":1,"value":-20875859670,"accum":-20875859670,"repr_data":-20.87585967,"repr_display":-20.87585967},"stats":{"sum":-20.87585967,"count":1,"min":0.01943322,"max":20.89529289,"sqr":-436.61288730884498,"mean":-20.87585967,"stddev":0.0}}},"children":[{"node":{"hash":18410668366583778696,"prefix":"start_thread","tid":[1],"pid":[2592064],"depth":3,"is_dummy":false,"inclusive":{"entry":{"laps":1,"value":20895292890,"accum":20895292890,"repr_data":20.89529289,"repr_display":20.89529289},"stats":{"sum":20.89529289,"count":1,"min":20.89529289,"max":20.89529289,"sqr":436.61326495888457,"mean":20.89529289,"stddev":0.0}},"exclusive":{"entry":{"laps":1,"value":20895292890,"accum":20895292890,"repr_data":20.89529289,"repr_display":20.89529289},"stats":{"sum":20.89529289,"count":1,"min":20.89529289,"max":20.89529289,"sqr":436.61326495888457,"mean":20.89529289,"stddev":0.0}}},"children":[]}]}]}]}]]}}}
