{"timemory":{"wall_clock":{"properties":{"cereal_class_version":0,"value":78,"enum":"WALL_CLOCK","id":"wall_clock","ids":["real_clock","virtual_clock","wall_clock"]},"type":"wall_clock","description":"Real-clock timer (i.e. wall-clock timer)","unit_value":1000000000,"unit_repr":"sec","thread_scope_only":false,"thread_count":2,"mpi_size":1,"upcxx_size":1,"process_count":1,"num_ranks":1,"concurrency":2,"ranks":[{"rank":0,"graph_size":3,"graph":[{"hash":5823919491437317583,"prefix":"|0>>> main","depth":0,"entry":{"cereal_class_version":0,"laps":1,"value":33840663510,"accum":33840663510,"repr_data":33.84066351,"repr_display":33.84066351},"stats":{"cereal_class_version":0,"sum":33.84066351,"count":1,"min":33.84066351,"max":33.84066351,"sqr":1145.1905067970454,"mean":33.84066351,"stddev":0.0},"rolling_hash":5823919491437317583},{"hash":6619084377120830202,"prefix":"|0>>> |_pthread_create","depth":1,"entry":{"laps":1,"value":55433198,"accum":55433198,"repr_data":0.055433198,"repr_display":0.055433198},"stats":{"sum":0.055433198,"count":1,"min":0.055433198,"max":0.055433198,"sqr":0.0030728394405072,"mean":0.055433198,"stddev":0.0},"rolling_hash":12443003868558147785},{"hash":18410668366583778696,"prefix":"|1>>>   |_start_thread","depth":2,"entry":{"laps":1,"value":33829664291,"accum":33829664291,"repr_data":33.829664291,"repr_display":33.829664291},"stats":{"sum":33.829664291,"count":1,"min":33.829664291,"max":33.829664291,"sqr":1144.4461860417605,"mean":33.829664291,"stddev":0.0},"rolling_hash":12406928161432374865}]}],"graph":[[{"cereal_class_version":0,"node":{"hash":0,"prefix":"unknown-hash=0","tid":[0],"pid":[2505725],"depth":0,"is_dummy":false,"inclusive":{"entry":{"laps":0,"value":0,"accum":0,"repr_data":0.0,"repr_display":0.0},"stats":{"sum":0.0,"count":0,"min":0.0,"max":0.0,"sqr":0.0,"mean":0.0,"stddev":0.0}},"exclusive":{"entry":{"laps":0,"value":-33840663510,"accum":-33840663510,"repr_data":-33.84066351,"repr_display":-33.84066351},"stats":{"sum":0.0,"count":0,"min":0.0,"max":0.0,"sqr":0.0,"mean":0.0,"stddev":0.0}}},"children":[{"node":{"hash":5823919491437317583,"prefix":"main","tid":[0],"pid":[2505725],"depth":1,"is_dummy":false,"inclusive":{"entry":{"laps":1,"value":33840663510,"accum":33840663510,"repr_data":33.84066351,"repr_display":33.84066351},"stats":{"sum":33.84066351,"count":1,"min":33.84066351,"max":33.84066351,"sqr":1145.1905067970454,"mean":33.84066351,"stddev":0.0}},"exclusive":{"entry":{"laps":1,"value":33785230312,"accum":33785230312,"repr_data":33.785230312,"repr_display":33.785230312},"stats":{"sum":33.785230311999999,"count":1,"min":0.055433198,"max":33.84066351,"sqr":1145.1874339576048,"mean":33.785230311999999,"stddev":0.0}}},"children":[{"node":{"hash":6619084377120830202,"prefix":"pthread_create","tid":[0],"pid":[2505725],"depth":2,"is_dummy":false,"inclusive":{"entry":{"laps":1,"value":55433198,"accum":55433198,"repr_data":0.055433198,"repr_display":0.055433198},"stats":{"sum":0.055433198,"count":1,"min":0.055433198,"max":0.055433198,"sqr":0.0030728394405072,"mean":0.055433198,"stddev":0.0}},"exclusive":{"entry":{"laps":1,"value":-33774231093,"accum":-33774231093,"repr_data":-33.774231093,"repr_display":-33.774231093},"stats":{"sum":-33.774231093,"count":1,"min":0.055433198,"max":33.829664291,"sqr":-1144.4431132023199,"mean":-33.774231093,"stddev":0.0}}},"children":[{"node":{"hash":18410668366583778696,"prefix":"start_thread","tid":[1],"pid":[2505725],"depth":3,"is_dummy":false,"inclusive":{"entry":{"laps":1,"value":33829664291,"accum":33829664291,"repr_data":33.829664291,"repr_display":33.829664291},"stats":{"sum":33.829664291,"count":1,"min":33.829664291,"max":33.829664291,"sqr":1144.4461860417605,"mean":33.829664291,"stddev":0.0}},"exclusive":{"entry":{"laps":1,"value":33829664291,"accum":33829664291,"repr_data":33.829664291,"repr_display":33.829664291},"stats":{"sum":33.829664291,"count":1,"min":33.829664291,"max":33.829664291,"sqr":1144.4461860417605,"mean":33.829664291,"stddev":0.0}}},"children":[]}]}]}]}]]}}}
